region,clinic_visit_week,lag_start,lag_end,rainfall_lagged_mm
Geita,2022-01-01,2021-11-20,2021-12-18,149.97
Geita,2022-01-08,2021-11-27,2021-12-25,193.42
Geita,2022-01-15,2021-12-04,2022-01-01,275.38
Geita,2022-01-22,2021-12-11,2022-01-08,266.31
Geita,2022-01-29,2021-12-18,2022-01-15,250.9
Geita,2022-02-05,2021-12-25,2022-01-22,264.61
Geita,2022-02-12,2022-01-01,2022-01-29,163.46
Geita,2022-02-19,2022-01-08,2022-02-05,197.74
Geita,2022-02-26,2022-01-15,2022-02-12,232.78
Geita,2022-03-05,2022-01-22,2022-02-19,217.99
Geita,2022-03-12,2022-01-29,2022-02-26,251.71
Geita,2022-03-19,2022-02-05,2022-03-05,206.59
Geita,2022-03-26,2022-02-12,2022-03-12,187.05
Geita,2022-04-02,2022-02-19,2022-03-19,147.55
Geita,2022-04-09,2022-02-26,2022-03-26,117.67
Geita,2022-04-16,2022-03-05,2022-04-02,146.99
Geita,2022-04-23,2022-03-12,2022-04-09,116.13
Geita,2022-04-30,2022-03-19,2022-04-16,96.66
Geita,2022-05-07,2022-03-26,2022-04-23,99.96
Geita,2022-05-14,2022-04-02,2022-04-30,140.53
Geita,2022-05-21,2022-04-09,2022-05-07,159.27
Geita,2022-05-28,2022-04-16,2022-05-14,145.8
Geita,2022-06-04,2022-04-23,2022-05-21,113.0
Geita,2022-06-11,2022-04-30,2022-05-28,51.68
Geita,2022-06-18,2022-05-07,2022-06-04,69.7
Geita,2022-06-25,2022-05-14,2022-06-11,69.29
Geita,2022-07-02,2022-05-21,2022-06-18,67.5
Geita,2022-07-09,2022-05-28,2022-06-25,41.97
Geita,2022-07-16,2022-06-04,2022-07-02,1.57
Geita,2022-07-23,2022-06-11,2022-07-09,0.01
Geita,2022-07-30,2022-06-18,2022-07-16,0.01
Geita,2022-08-06,2022-06-25,2022-07-23,0.0
Geita,2022-08-13,2022-07-02,2022-07-30,0.0
Geita,2022-08-20,2022-07-09,2022-08-06,7.25
Geita,2022-08-27,2022-07-16,2022-08-13,7.26
Geita,2022-09-03,2022-07-23,2022-08-20,19.24
Geita,2022-09-10,2022-07-30,2022-08-27,22.49
Geita,2022-09-17,2022-08-06,2022-09-03,21.51
Geita,2022-09-24,2022-08-13,2022-09-10,38.02
Geita,2022-10-01,2022-08-20,2022-09-17,37.95
Geita,2022-10-08,2022-08-27,2022-09-24,43.3
Geita,2022-10-15,2022-09-03,2022-10-01,39.86
Geita,2022-10-22,2022-09-10,2022-10-08,34.36
Geita,2022-10-29,2022-09-17,2022-10-15,23.94
Geita,2022-11-05,2022-09-24,2022-10-22,37.65
Geita,2022-11-12,2022-10-01,2022-10-29,37.55
Geita,2022-11-19,2022-10-08,2022-11-05,35.64
Geita,2022-11-26,2022-10-15,2022-11-12,67.15
Geita,2022-12-03,2022-10-22,2022-11-19,113.39
Geita,2022-12-10,2022-10-29,2022-11-26,132.92
Geita,2022-12-17,2022-11-05,2022-12-03,175.02
Geita,2022-12-24,2022-11-12,2022-12-10,181.01
Geita,2022-12-31,2022-11-19,2022-12-17,137.69
Geita,2023-01-07,2022-11-26,2022-12-24,141.51
Geita,2023-01-14,2022-12-03,2022-12-31,129.59
Geita,2023-01-21,2022-12-10,2023-01-07,90.84
Geita,2023-01-28,2022-12-17,2023-01-14,90.52
Geita,2023-02-04,2022-12-24,2023-01-21,83.37
Geita,2023-02-11,2022-12-31,2023-01-28,82.2
Geita,2023-02-18,2023-01-07,2023-02-04,94.0
Geita,2023-02-25,2023-01-14,2023-02-11,95.87
Geita,2023-03-04,2023-01-21,2023-02-18,86.5
Geita,2023-03-11,2023-01-28,2023-02-25,72.43
Geita,2023-03-18,2023-02-04,2023-03-04,119.68
Geita,2023-03-25,2023-02-11,2023-03-11,106.35
Geita,2023-04-01,2023-02-18,2023-03-18,178.64
Geita,2023-04-08,2023-02-25,2023-03-25,252.12
Geita,2023-04-15,2023-03-04,2023-04-01,244.25
Geita,2023-04-22,2023-03-11,2023-04-08,296.6
Geita,2023-04-29,2023-03-18,2023-04-15,245.84
Geita,2023-05-06,2023-03-25,2023-04-22,170.01
Geita,2023-05-13,2023-04-01,2023-04-29,167.65
Geita,2023-05-20,2023-04-08,2023-05-06,208.95
Geita,2023-05-27,2023-04-15,2023-05-13,180.84
Geita,2023-06-03,2023-04-22,2023-05-20,160.62
Geita,2023-06-10,2023-04-29,2023-05-27,114.29
Geita,2023-06-17,2023-05-06,2023-06-03,11.61
Geita,2023-06-24,2023-05-13,2023-06-10,9.39
Geita,2023-07-01,2023-05-20,2023-06-17,12.2
Geita,2023-07-08,2023-05-27,2023-06-24,9.55
Geita,2023-07-15,2023-06-03,2023-07-01,5.17
Geita,2023-07-22,2023-06-10,2023-07-08,4.44
Geita,2023-07-29,2023-06-17,2023-07-15,0.13
Geita,2023-08-05,2023-06-24,2023-07-22,0.05
Geita,2023-08-12,2023-07-01,2023-07-29,0.03
Geita,2023-08-19,2023-07-08,2023-08-05,0.0
Geita,2023-08-26,2023-07-15,2023-08-12,0.0
Geita,2023-09-02,2023-07-22,2023-08-19,0.0
Geita,2023-09-09,2023-07-29,2023-08-26,0.0
Geita,2023-09-16,2023-08-05,2023-09-02,0.02
Geita,2023-09-23,2023-08-12,2023-09-09,6.99
Geita,2023-09-30,2023-08-19,2023-09-16,29.14
Geita,2023-10-07,2023-08-26,2023-09-23,72.92
Geita,2023-10-14,2023-09-02,2023-09-30,91.26
Geita,2023-10-21,2023-09-09,2023-10-07,86.23
Geita,2023-10-28,2023-09-16,2023-10-14,79.1
Geita,2023-11-04,2023-09-23,2023-10-21,72.89
Geita,2023-11-11,2023-09-30,2023-10-28,66.42
Geita,2023-11-18,2023-10-07,2023-11-04,135.61
Geita,2023-11-25,2023-10-14,2023-11-11,162.31
Geita,2023-12-02,2023-10-21,2023-11-18,168.56
Geita,2023-12-09,2023-10-28,2023-11-25,228.57
Geita,2023-12-16,2023-11-04,2023-12-02,246.11
Geita,2023-12-23,2023-11-11,2023-12-09,260.64
Geita,2023-12-30,2023-11-18,2023-12-16,278.14
Kagera,2022-01-01,2021-11-20,2021-12-18,162.05
Kagera,2022-01-08,2021-11-27,2021-12-25,170.85
Kagera,2022-01-15,2021-12-04,2022-01-01,191.72
Kagera,2022-01-22,2021-12-11,2022-01-08,185.9
Kagera,2022-01-29,2021-12-18,2022-01-15,159.73
Kagera,2022-02-05,2021-12-25,2022-01-22,179.62
Kagera,2022-02-12,2022-01-01,2022-01-29,146.35
Kagera,2022-02-19,2022-01-08,2022-02-05,187.86
Kagera,2022-02-26,2022-01-15,2022-02-12,235.33
Kagera,2022-03-05,2022-01-22,2022-02-19,240.82
Kagera,2022-03-12,2022-01-29,2022-02-26,309.36
Kagera,2022-03-19,2022-02-05,2022-03-05,272.92
Kagera,2022-03-26,2022-02-12,2022-03-12,230.2
Kagera,2022-04-02,2022-02-19,2022-03-19,186.0
Kagera,2022-04-09,2022-02-26,2022-03-26,140.77
Kagera,2022-04-16,2022-03-05,2022-04-02,182.29
Kagera,2022-04-23,2022-03-12,2022-04-09,188.11
Kagera,2022-04-30,2022-03-19,2022-04-16,189.04
Kagera,2022-05-07,2022-03-26,2022-04-23,223.69
Kagera,2022-05-14,2022-04-02,2022-04-30,261.87
Kagera,2022-05-21,2022-04-09,2022-05-07,281.17
Kagera,2022-05-28,2022-04-16,2022-05-14,276.5
Kagera,2022-06-04,2022-04-23,2022-05-21,195.54
Kagera,2022-06-11,2022-04-30,2022-05-28,123.75
Kagera,2022-06-18,2022-05-07,2022-06-04,133.22
Kagera,2022-06-25,2022-05-14,2022-06-11,103.62
Kagera,2022-07-02,2022-05-21,2022-06-18,99.79
Kagera,2022-07-09,2022-05-28,2022-06-25,60.26
Kagera,2022-07-16,2022-06-04,2022-07-02,9.45
Kagera,2022-07-23,2022-06-11,2022-07-09,7.47
Kagera,2022-07-30,2022-06-18,2022-07-16,5.37
Kagera,2022-08-06,2022-06-25,2022-07-23,0.08
Kagera,2022-08-13,2022-07-02,2022-07-30,0.66
Kagera,2022-08-20,2022-07-09,2022-08-06,21.63
Kagera,2022-08-27,2022-07-16,2022-08-13,21.65
Kagera,2022-09-03,2022-07-23,2022-08-20,62.24
Kagera,2022-09-10,2022-07-30,2022-08-27,66.99
Kagera,2022-09-17,2022-08-06,2022-09-03,81.23
Kagera,2022-09-24,2022-08-13,2022-09-10,91.59
Kagera,2022-10-01,2022-08-20,2022-09-17,81.87
Kagera,2022-10-08,2022-08-27,2022-09-24,102.84
Kagera,2022-10-15,2022-09-03,2022-10-01,93.81
Kagera,2022-10-22,2022-09-10,2022-10-08,102.39
Kagera,2022-10-29,2022-09-17,2022-10-15,77.11
Kagera,2022-11-05,2022-09-24,2022-10-22,84.0
Kagera,2022-11-12,2022-10-01,2022-10-29,73.61
Kagera,2022-11-19,2022-10-08,2022-11-05,74.58
Kagera,2022-11-26,2022-10-15,2022-11-12,125.88
Kagera,2022-12-03,2022-10-22,2022-11-19,166.4
Kagera,2022-12-10,2022-10-29,2022-11-26,185.48
Kagera,2022-12-17,2022-11-05,2022-12-03,208.2
Kagera,2022-12-24,2022-11-12,2022-12-10,189.96
Kagera,2022-12-31,2022-11-19,2022-12-17,153.41
Kagera,2023-01-07,2022-11-26,2022-12-24,151.04
Kagera,2023-01-14,2022-12-03,2022-12-31,134.31
Kagera,2023-01-21,2022-12-10,2023-01-07,98.51
Kagera,2023-01-28,2022-12-17,2023-01-14,108.85
Kagera,2023-02-04,2022-12-24,2023-01-21,91.1
Kagera,2023-02-11,2022-12-31,2023-01-28,108.4
Kagera,2023-02-18,2023-01-07,2023-02-04,120.15
Kagera,2023-02-25,2023-01-14,2023-02-11,90.06
Kagera,2023-03-04,2023-01-21,2023-02-18,84.72
Kagera,2023-03-11,2023-01-28,2023-02-25,59.04
Kagera,2023-03-18,2023-02-04,2023-03-04,110.58
Kagera,2023-03-25,2023-02-11,2023-03-11,106.89
Kagera,2023-04-01,2023-02-18,2023-03-18,162.59
Kagera,2023-04-08,2023-02-25,2023-03-25,237.73
Kagera,2023-04-15,2023-03-04,2023-04-01,224.19
Kagera,2023-04-22,2023-03-11,2023-04-08,273.07
Kagera,2023-04-29,2023-03-18,2023-04-15,226.02
Kagera,2023-05-06,2023-03-25,2023-04-22,190.41
Kagera,2023-05-13,2023-04-01,2023-04-29,212.7
Kagera,2023-05-20,2023-04-08,2023-05-06,237.2
Kagera,2023-05-27,2023-04-15,2023-05-13,239.63
Kagera,2023-06-03,2023-04-22,2023-05-20,183.93
Kagera,2023-06-10,2023-04-29,2023-05-27,115.61
Kagera,2023-06-17,2023-05-06,2023-06-03,36.17
Kagera,2023-06-24,2023-05-13,2023-06-10,18.3
Kagera,2023-07-01,2023-05-20,2023-06-17,36.19
Kagera,2023-07-08,2023-05-27,2023-06-24,46.66
Kagera,2023-07-15,2023-06-03,2023-07-01,55.3
Kagera,2023-07-22,2023-06-10,2023-07-08,52.73
Kagera,2023-07-29,2023-06-17,2023-07-15,33.51
Kagera,2023-08-05,2023-06-24,2023-07-22,16.44
Kagera,2023-08-12,2023-07-01,2023-07-29,0.12
Kagera,2023-08-19,2023-07-08,2023-08-05,0.97
Kagera,2023-08-26,2023-07-15,2023-08-12,4.39
Kagera,2023-09-02,2023-07-22,2023-08-19,10.04
Kagera,2023-09-09,2023-07-29,2023-08-26,12.26
Kagera,2023-09-16,2023-08-05,2023-09-02,17.49
Kagera,2023-09-23,2023-08-12,2023-09-09,37.93
Kagera,2023-09-30,2023-08-19,2023-09-16,71.86
Kagera,2023-10-07,2023-08-26,2023-09-23,117.25
Kagera,2023-10-14,2023-09-02,2023-09-30,138.25
Kagera,2023-10-21,2023-09-09,2023-10-07,131.73
Kagera,2023-10-28,2023-09-16,2023-10-14,118.25
Kagera,2023-11-04,2023-09-23,2023-10-21,128.93
Kagera,2023-11-11,2023-09-30,2023-10-28,120.68
Kagera,2023-11-18,2023-10-07,2023-11-04,162.92
Kagera,2023-11-25,2023-10-14,2023-11-11,204.66
Kagera,2023-12-02,2023-10-21,2023-11-18,216.0
Kagera,2023-12-09,2023-10-28,2023-11-25,298.65
Kagera,2023-12-16,2023-11-04,2023-12-02,324.34
Kagera,2023-12-23,2023-11-11,2023-12-09,324.03
Kagera,2023-12-30,2023-11-18,2023-12-16,275.05
Mara,2022-01-01,2021-11-20,2021-12-18,139.62
Mara,2022-01-08,2021-11-27,2021-12-25,153.81
Mara,2022-01-15,2021-12-04,2022-01-01,137.6
Mara,2022-01-22,2021-12-11,2022-01-08,141.87
Mara,2022-01-29,2021-12-18,2022-01-15,119.99
Mara,2022-02-05,2021-12-25,2022-01-22,177.97
Mara,2022-02-12,2022-01-01,2022-01-29,166.46
Mara,2022-02-19,2022-01-08,2022-02-05,191.77
Mara,2022-02-26,2022-01-15,2022-02-12,248.47
Mara,2022-03-05,2022-01-22,2022-02-19,207.17
Mara,2022-03-12,2022-01-29,2022-02-26,237.15
Mara,2022-03-19,2022-02-05,2022-03-05,190.45
Mara,2022-03-26,2022-02-12,2022-03-12,140.12
Mara,2022-04-02,2022-02-19,2022-03-19,91.51
Mara,2022-04-09,2022-02-26,2022-03-26,59.96
Mara,2022-04-16,2022-03-05,2022-04-02,91.21
Mara,2022-04-23,2022-03-12,2022-04-09,111.19
Mara,2022-04-30,2022-03-19,2022-04-16,111.95
Mara,2022-05-07,2022-03-26,2022-04-23,170.49
Mara,2022-05-14,2022-04-02,2022-04-30,211.48
Mara,2022-05-21,2022-04-09,2022-05-07,241.22
Mara,2022-05-28,2022-04-16,2022-05-14,262.54
Mara,2022-06-04,2022-04-23,2022-05-21,184.93
Mara,2022-06-11,2022-04-30,2022-05-28,150.41
Mara,2022-06-18,2022-05-07,2022-06-04,139.73
Mara,2022-06-25,2022-05-14,2022-06-11,115.59
Mara,2022-07-02,2022-05-21,2022-06-18,125.02
Mara,2022-07-09,2022-05-28,2022-06-25,83.45
Mara,2022-07-16,2022-06-04,2022-07-02,36.85
Mara,2022-07-23,2022-06-11,2022-07-09,24.65
Mara,2022-07-30,2022-06-18,2022-07-16,11.27
Mara,2022-08-06,2022-06-25,2022-07-23,5.03
Mara,2022-08-13,2022-07-02,2022-07-30,4.62
Mara,2022-08-20,2022-07-09,2022-08-06,27.08
Mara,2022-08-27,2022-07-16,2022-08-13,25.99
Mara,2022-09-03,2022-07-23,2022-08-20,49.15
Mara,2022-09-10,2022-07-30,2022-08-27,49.05
Mara,2022-09-17,2022-08-06,2022-09-03,74.62
Mara,2022-09-24,2022-08-13,2022-09-10,102.39
Mara,2022-10-01,2022-08-20,2022-09-17,105.66
Mara,2022-10-08,2022-08-27,2022-09-24,124.71
Mara,2022-10-15,2022-09-03,2022-10-01,94.65
Mara,2022-10-22,2022-09-10,2022-10-08,78.75
Mara,2022-10-29,2022-09-17,2022-10-15,53.52
Mara,2022-11-05,2022-09-24,2022-10-22,62.24
Mara,2022-11-12,2022-10-01,2022-10-29,44.82
Mara,2022-11-19,2022-10-08,2022-11-05,65.89
Mara,2022-11-26,2022-10-15,2022-11-12,99.87
Mara,2022-12-03,2022-10-22,2022-11-19,138.0
Mara,2022-12-10,2022-10-29,2022-11-26,181.26
Mara,2022-12-17,2022-11-05,2022-12-03,179.82
Mara,2022-12-24,2022-11-12,2022-12-10,159.18
Mara,2022-12-31,2022-11-19,2022-12-17,133.12
Mara,2023-01-07,2022-11-26,2022-12-24,116.44
Mara,2023-01-14,2022-12-03,2022-12-31,141.43
Mara,2023-01-21,2022-12-10,2023-01-07,126.96
Mara,2023-01-28,2022-12-17,2023-01-14,113.54
Mara,2023-02-04,2022-12-24,2023-01-21,89.37
Mara,2023-02-11,2022-12-31,2023-01-28,61.64
Mara,2023-02-18,2023-01-07,2023-02-04,63.87
Mara,2023-02-25,2023-01-14,2023-02-11,48.04
Mara,2023-03-04,2023-01-21,2023-02-18,47.38
Mara,2023-03-11,2023-01-28,2023-02-25,25.01
Mara,2023-03-18,2023-02-04,2023-03-04,72.08
Mara,2023-03-25,2023-02-11,2023-03-11,65.78
Mara,2023-04-01,2023-02-18,2023-03-18,116.25
Mara,2023-04-08,2023-02-25,2023-03-25,257.86
Mara,2023-04-15,2023-03-04,2023-04-01,269.46
Mara,2023-04-22,2023-03-11,2023-04-08,325.78
Mara,2023-04-29,2023-03-18,2023-04-15,291.61
Mara,2023-05-06,2023-03-25,2023-04-22,178.75
Mara,2023-05-13,2023-04-01,2023-04-29,190.6
Mara,2023-05-20,2023-04-08,2023-05-06,182.51
Mara,2023-05-27,2023-04-15,2023-05-13,177.22
Mara,2023-06-03,2023-04-22,2023-05-20,151.87
Mara,2023-06-10,2023-04-29,2023-05-27,89.09
Mara,2023-06-17,2023-05-06,2023-06-03,39.8
Mara,2023-06-24,2023-05-13,2023-06-10,27.76
Mara,2023-07-01,2023-05-20,2023-06-17,52.67
Mara,2023-07-08,2023-05-27,2023-06-24,61.34
Mara,2023-07-15,2023-06-03,2023-07-01,66.21
Mara,2023-07-22,2023-06-10,2023-07-08,67.62
Mara,2023-07-29,2023-06-17,2023-07-15,33.9
Mara,2023-08-05,2023-06-24,2023-07-22,15.26
Mara,2023-08-12,2023-07-01,2023-07-29,7.21
Mara,2023-08-19,2023-07-08,2023-08-05,4.92
Mara,2023-08-26,2023-07-15,2023-08-12,5.38
Mara,2023-09-02,2023-07-22,2023-08-19,7.45
Mara,2023-09-09,2023-07-29,2023-08-26,6.71
Mara,2023-09-16,2023-08-05,2023-09-02,7.87
Mara,2023-09-23,2023-08-12,2023-09-09,31.11
Mara,2023-09-30,2023-08-19,2023-09-16,55.83
Mara,2023-10-07,2023-08-26,2023-09-23,84.92
Mara,2023-10-14,2023-09-02,2023-09-30,100.97
Mara,2023-10-21,2023-09-09,2023-10-07,83.6
Mara,2023-10-28,2023-09-16,2023-10-14,71.37
Mara,2023-11-04,2023-09-23,2023-10-21,70.46
Mara,2023-11-11,2023-09-30,2023-10-28,58.12
Mara,2023-11-18,2023-10-07,2023-11-04,124.49
Mara,2023-11-25,2023-10-14,2023-11-11,182.42
Mara,2023-12-02,2023-10-21,2023-11-18,200.72
Mara,2023-12-09,2023-10-28,2023-11-25,242.62
Mara,2023-12-16,2023-11-04,2023-12-02,238.54
Mara,2023-12-23,2023-11-11,2023-12-09,214.43
Mara,2023-12-30,2023-11-18,2023-12-16,209.99
Morogoro,2022-01-01,2021-11-20,2021-12-18,67.75
Morogoro,2022-01-08,2021-11-27,2021-12-25,67.31
Morogoro,2022-01-15,2021-12-04,2022-01-01,51.9
Morogoro,2022-01-22,2021-12-11,2022-01-08,36.1
Morogoro,2022-01-29,2021-12-18,2022-01-15,59.18
Morogoro,2022-02-05,2021-12-25,2022-01-22,193.28
Morogoro,2022-02-12,2022-01-01,2022-01-29,281.19
Morogoro,2022-02-19,2022-01-08,2022-02-05,364.04
Morogoro,2022-02-26,2022-01-15,2022-02-12,397.64
Morogoro,2022-03-05,2022-01-22,2022-02-19,352.16
Morogoro,2022-03-12,2022-01-29,2022-02-26,334.76
Morogoro,2022-03-19,2022-02-05,2022-03-05,311.48
Morogoro,2022-03-26,2022-02-12,2022-03-12,285.09
Morogoro,2022-04-02,2022-02-19,2022-03-19,237.25
Morogoro,2022-04-09,2022-02-26,2022-03-26,214.63
Morogoro,2022-04-16,2022-03-05,2022-04-02,252.23
Morogoro,2022-04-23,2022-03-12,2022-04-09,229.73
Morogoro,2022-04-30,2022-03-19,2022-04-16,266.36
Morogoro,2022-05-07,2022-03-26,2022-04-23,285.4
Morogoro,2022-05-14,2022-04-02,2022-04-30,277.94
Morogoro,2022-05-21,2022-04-09,2022-05-07,284.58
Morogoro,2022-05-28,2022-04-16,2022-05-14,219.61
Morogoro,2022-06-04,2022-04-23,2022-05-21,157.64
Morogoro,2022-06-11,2022-04-30,2022-05-28,68.41
Morogoro,2022-06-18,2022-05-07,2022-06-04,54.86
Morogoro,2022-06-25,2022-05-14,2022-06-11,44.43
Morogoro,2022-07-02,2022-05-21,2022-06-18,30.76
Morogoro,2022-07-09,2022-05-28,2022-06-25,18.66
Morogoro,2022-07-16,2022-06-04,2022-07-02,10.27
Morogoro,2022-07-23,2022-06-11,2022-07-09,6.6
Morogoro,2022-07-30,2022-06-18,2022-07-16,7.08
Morogoro,2022-08-06,2022-06-25,2022-07-23,9.01
Morogoro,2022-08-13,2022-07-02,2022-07-30,9.26
Morogoro,2022-08-20,2022-07-09,2022-08-06,8.93
Morogoro,2022-08-27,2022-07-16,2022-08-13,8.35
Morogoro,2022-09-03,2022-07-23,2022-08-20,6.6
Morogoro,2022-09-10,2022-07-30,2022-08-27,7.32
Morogoro,2022-09-17,2022-08-06,2022-09-03,7.52
Morogoro,2022-09-24,2022-08-13,2022-09-10,8.0
Morogoro,2022-10-01,2022-08-20,2022-09-17,9.0
Morogoro,2022-10-08,2022-08-27,2022-09-24,9.46
Morogoro,2022-10-15,2022-09-03,2022-10-01,11.02
Morogoro,2022-10-22,2022-09-10,2022-10-08,11.66
Morogoro,2022-10-29,2022-09-17,2022-10-15,12.34
Morogoro,2022-11-05,2022-09-24,2022-10-22,13.52
Morogoro,2022-11-12,2022-10-01,2022-10-29,12.77
Morogoro,2022-11-19,2022-10-08,2022-11-05,15.06
Morogoro,2022-11-26,2022-10-15,2022-11-12,18.69
Morogoro,2022-12-03,2022-10-22,2022-11-19,21.23
Morogoro,2022-12-10,2022-10-29,2022-11-26,49.97
Morogoro,2022-12-17,2022-11-05,2022-12-03,57.71
Morogoro,2022-12-24,2022-11-12,2022-12-10,52.62
Morogoro,2022-12-31,2022-11-19,2022-12-17,78.08
Morogoro,2023-01-07,2022-11-26,2022-12-24,109.26
Morogoro,2023-01-14,2022-12-03,2022-12-31,203.42
Morogoro,2023-01-21,2022-12-10,2023-01-07,205.62
Morogoro,2023-01-28,2022-12-17,2023-01-14,238.94
Morogoro,2023-02-04,2022-12-24,2023-01-21,230.79
Morogoro,2023-02-11,2022-12-31,2023-01-28,182.97
Morogoro,2023-02-18,2023-01-07,2023-02-04,207.67
Morogoro,2023-02-25,2023-01-14,2023-02-11,244.77
Morogoro,2023-03-04,2023-01-21,2023-02-18,216.92
Morogoro,2023-03-11,2023-01-28,2023-02-25,158.67
Morogoro,2023-03-18,2023-02-04,2023-03-04,137.49
Morogoro,2023-03-25,2023-02-11,2023-03-11,42.01
Morogoro,2023-04-01,2023-02-18,2023-03-18,43.18
Morogoro,2023-04-08,2023-02-25,2023-03-25,99.44
Morogoro,2023-04-15,2023-03-04,2023-04-01,188.45
Morogoro,2023-04-22,2023-03-11,2023-04-08,260.66
Morogoro,2023-04-29,2023-03-18,2023-04-15,359.45
Morogoro,2023-05-06,2023-03-25,2023-04-22,411.61
Morogoro,2023-05-13,2023-04-01,2023-04-29,402.97
Morogoro,2023-05-20,2023-04-08,2023-05-06,376.11
Morogoro,2023-05-27,2023-04-15,2023-05-13,271.75
Morogoro,2023-06-03,2023-04-22,2023-05-20,201.96
Morogoro,2023-06-10,2023-04-29,2023-05-27,130.41
Morogoro,2023-06-17,2023-05-06,2023-06-03,89.13
Morogoro,2023-06-24,2023-05-13,2023-06-10,85.31
Morogoro,2023-07-01,2023-05-20,2023-06-17,47.63
Morogoro,2023-07-08,2023-05-27,2023-06-24,32.77
Morogoro,2023-07-15,2023-06-03,2023-07-01,23.16
Morogoro,2023-07-22,2023-06-10,2023-07-08,6.78
Morogoro,2023-07-29,2023-06-17,2023-07-15,6.84
Morogoro,2023-08-05,2023-06-24,2023-07-22,8.38
Morogoro,2023-08-12,2023-07-01,2023-07-29,8.73
Morogoro,2023-08-19,2023-07-08,2023-08-05,8.81
Morogoro,2023-08-26,2023-07-15,2023-08-12,9.61
Morogoro,2023-09-02,2023-07-22,2023-08-19,8.33
Morogoro,2023-09-09,2023-07-29,2023-08-26,8.27
Morogoro,2023-09-16,2023-08-05,2023-09-02,8.39
Morogoro,2023-09-23,2023-08-12,2023-09-09,7.85
Morogoro,2023-09-30,2023-08-19,2023-09-16,9.03
Morogoro,2023-10-07,2023-08-26,2023-09-23,9.77
Morogoro,2023-10-14,2023-09-02,2023-09-30,11.15
Morogoro,2023-10-21,2023-09-09,2023-10-07,12.93
Morogoro,2023-10-28,2023-09-16,2023-10-14,11.46
Morogoro,2023-11-04,2023-09-23,2023-10-21,15.18
Morogoro,2023-11-11,2023-09-30,2023-10-28,19.38
Morogoro,2023-11-18,2023-10-07,2023-11-04,72.34
Morogoro,2023-11-25,2023-10-14,2023-11-11,106.4
Morogoro,2023-12-02,2023-10-21,2023-11-18,131.61
Morogoro,2023-12-09,2023-10-28,2023-11-25,184.66
Morogoro,2023-12-16,2023-11-04,2023-12-02,148.07
Morogoro,2023-12-23,2023-11-11,2023-12-09,240.66
Morogoro,2023-12-30,2023-11-18,2023-12-16,240.64
Mwanza,2022-01-01,2021-11-20,2021-12-18,208.29
Mwanza,2022-01-08,2021-11-27,2021-12-25,264.21
Mwanza,2022-01-15,2021-12-04,2022-01-01,290.72
Mwanza,2022-01-22,2021-12-11,2022-01-08,304.03
Mwanza,2022-01-29,2021-12-18,2022-01-15,265.16
Mwanza,2022-02-05,2021-12-25,2022-01-22,296.51
Mwanza,2022-02-12,2022-01-01,2022-01-29,223.49
Mwanza,2022-02-19,2022-01-08,2022-02-05,242.22
Mwanza,2022-02-26,2022-01-15,2022-02-12,291.24
Mwanza,2022-03-05,2022-01-22,2022-02-19,242.74
Mwanza,2022-03-12,2022-01-29,2022-02-26,293.92
Mwanza,2022-03-19,2022-02-05,2022-03-05,240.1
Mwanza,2022-03-26,2022-02-12,2022-03-12,194.15
Mwanza,2022-04-02,2022-02-19,2022-03-19,131.31
Mwanza,2022-04-09,2022-02-26,2022-03-26,92.02
Mwanza,2022-04-16,2022-03-05,2022-04-02,134.92
Mwanza,2022-04-23,2022-03-12,2022-04-09,132.85
Mwanza,2022-04-30,2022-03-19,2022-04-16,132.04
Mwanza,2022-05-07,2022-03-26,2022-04-23,169.51
Mwanza,2022-05-14,2022-04-02,2022-04-30,192.19
Mwanza,2022-05-21,2022-04-09,2022-05-07,227.8
Mwanza,2022-05-28,2022-04-16,2022-05-14,212.31
Mwanza,2022-06-04,2022-04-23,2022-05-21,145.7
Mwanza,2022-06-11,2022-04-30,2022-05-28,97.53
Mwanza,2022-06-18,2022-05-07,2022-06-04,111.22
Mwanza,2022-06-25,2022-05-14,2022-06-11,110.63
Mwanza,2022-07-02,2022-05-21,2022-06-18,106.6
Mwanza,2022-07-09,2022-05-28,2022-06-25,72.41
Mwanza,2022-07-16,2022-06-04,2022-07-02,8.0
Mwanza,2022-07-23,2022-06-11,2022-07-09,3.6
Mwanza,2022-07-30,2022-06-18,2022-07-16,3.67
Mwanza,2022-08-06,2022-06-25,2022-07-23,0.8
Mwanza,2022-08-13,2022-07-02,2022-07-30,0.58
Mwanza,2022-08-20,2022-07-09,2022-08-06,19.38
Mwanza,2022-08-27,2022-07-16,2022-08-13,19.09
Mwanza,2022-09-03,2022-07-23,2022-08-20,50.02
Mwanza,2022-09-10,2022-07-30,2022-08-27,53.35
Mwanza,2022-09-17,2022-08-06,2022-09-03,72.99
Mwanza,2022-09-24,2022-08-13,2022-09-10,106.62
Mwanza,2022-10-01,2022-08-20,2022-09-17,86.8
Mwanza,2022-10-08,2022-08-27,2022-09-24,87.44
Mwanza,2022-10-15,2022-09-03,2022-10-01,64.69
Mwanza,2022-10-22,2022-09-10,2022-10-08,37.27
Mwanza,2022-10-29,2022-09-17,2022-10-15,28.88
Mwanza,2022-11-05,2022-09-24,2022-10-22,44.98
Mwanza,2022-11-12,2022-10-01,2022-10-29,31.81
Mwanza,2022-11-19,2022-10-08,2022-11-05,44.8
Mwanza,2022-11-26,2022-10-15,2022-11-12,82.46
Mwanza,2022-12-03,2022-10-22,2022-11-19,147.79
Mwanza,2022-12-10,2022-10-29,2022-11-26,176.96
Mwanza,2022-12-17,2022-11-05,2022-12-03,203.28
Mwanza,2022-12-24,2022-11-12,2022-12-10,182.57
Mwanza,2022-12-31,2022-11-19,2022-12-17,144.4
Mwanza,2023-01-07,2022-11-26,2022-12-24,131.7
Mwanza,2023-01-14,2022-12-03,2022-12-31,156.67
Mwanza,2023-01-21,2022-12-10,2023-01-07,137.61
Mwanza,2023-01-28,2022-12-17,2023-01-14,126.29
Mwanza,2023-02-04,2022-12-24,2023-01-21,115.62
Mwanza,2023-02-11,2022-12-31,2023-01-28,83.99
Mwanza,2023-02-18,2023-01-07,2023-02-04,91.03
Mwanza,2023-02-25,2023-01-14,2023-02-11,80.12
Mwanza,2023-03-04,2023-01-21,2023-02-18,81.89
Mwanza,2023-03-11,2023-01-28,2023-02-25,53.35
Mwanza,2023-03-18,2023-02-04,2023-03-04,96.15
Mwanza,2023-03-25,2023-02-11,2023-03-11,76.83
Mwanza,2023-04-01,2023-02-18,2023-03-18,134.69
Mwanza,2023-04-08,2023-02-25,2023-03-25,253.68
Mwanza,2023-04-15,2023-03-04,2023-04-01,281.28
Mwanza,2023-04-22,2023-03-11,2023-04-08,338.9
Mwanza,2023-04-29,2023-03-18,2023-04-15,291.02
Mwanza,2023-05-06,2023-03-25,2023-04-22,195.22
Mwanza,2023-05-13,2023-04-01,2023-04-29,199.02
Mwanza,2023-05-20,2023-04-08,2023-05-06,197.99
Mwanza,2023-05-27,2023-04-15,2023-05-13,193.13
Mwanza,2023-06-03,2023-04-22,2023-05-20,160.4
Mwanza,2023-06-10,2023-04-29,2023-05-27,82.48
Mwanza,2023-06-17,2023-05-06,2023-06-03,23.66
Mwanza,2023-06-24,2023-05-13,2023-06-10,9.05
Mwanza,2023-07-01,2023-05-20,2023-06-17,33.9
Mwanza,2023-07-08,2023-05-27,2023-06-24,38.9
Mwanza,2023-07-15,2023-06-03,2023-07-01,38.25
Mwanza,2023-07-22,2023-06-10,2023-07-08,38.25
Mwanza,2023-07-29,2023-06-17,2023-07-15,12.9
Mwanza,2023-08-05,2023-06-24,2023-07-22,4.04
Mwanza,2023-08-12,2023-07-01,2023-07-29,1.22
Mwanza,2023-08-19,2023-07-08,2023-08-05,0.51
Mwanza,2023-08-26,2023-07-15,2023-08-12,1.29
Mwanza,2023-09-02,2023-07-22,2023-08-19,1.75
Mwanza,2023-09-09,2023-07-29,2023-08-26,1.74
Mwanza,2023-09-16,2023-08-05,2023-09-02,1.87
Mwanza,2023-09-23,2023-08-12,2023-09-09,20.89
Mwanza,2023-09-30,2023-08-19,2023-09-16,53.23
Mwanza,2023-10-07,2023-08-26,2023-09-23,95.36
Mwanza,2023-10-14,2023-09-02,2023-09-30,121.15
Mwanza,2023-10-21,2023-09-09,2023-10-07,109.47
Mwanza,2023-10-28,2023-09-16,2023-10-14,93.77
Mwanza,2023-11-04,2023-09-23,2023-10-21,85.14
Mwanza,2023-11-11,2023-09-30,2023-10-28,72.0
Mwanza,2023-11-18,2023-10-07,2023-11-04,143.95
Mwanza,2023-11-25,2023-10-14,2023-11-11,183.1
Mwanza,2023-12-02,2023-10-21,2023-11-18,194.91
Mwanza,2023-12-09,2023-10-28,2023-11-25,258.44
Mwanza,2023-12-16,2023-11-04,2023-12-02,284.37
Mwanza,2023-12-23,2023-11-11,2023-12-09,302.34
Mwanza,2023-12-30,2023-11-18,2023-12-16,322.46
Pwani,2022-01-01,2021-11-20,2021-12-18,182.65
Pwani,2022-01-08,2021-11-27,2021-12-25,191.23
Pwani,2022-01-15,2021-12-04,2022-01-01,143.06
Pwani,2022-01-22,2021-12-11,2022-01-08,61.95
Pwani,2022-01-29,2021-12-18,2022-01-15,42.63
Pwani,2022-02-05,2021-12-25,2022-01-22,124.67
Pwani,2022-02-12,2022-01-01,2022-01-29,172.89
Pwani,2022-02-19,2022-01-08,2022-02-05,202.69
Pwani,2022-02-26,2022-01-15,2022-02-12,236.75
Pwani,2022-03-05,2022-01-22,2022-02-19,184.74
Pwani,2022-03-12,2022-01-29,2022-02-26,152.71
Pwani,2022-03-19,2022-02-05,2022-03-05,122.92
Pwani,2022-03-26,2022-02-12,2022-03-12,85.35
Pwani,2022-04-02,2022-02-19,2022-03-19,44.55
Pwani,2022-04-09,2022-02-26,2022-03-26,64.22
Pwani,2022-04-16,2022-03-05,2022-04-02,92.32
Pwani,2022-04-23,2022-03-12,2022-04-09,92.62
Pwani,2022-04-30,2022-03-19,2022-04-16,137.73
Pwani,2022-05-07,2022-03-26,2022-04-23,159.45
Pwani,2022-05-14,2022-04-02,2022-04-30,205.18
Pwani,2022-05-21,2022-04-09,2022-05-07,232.05
Pwani,2022-05-28,2022-04-16,2022-05-14,195.29
Pwani,2022-06-04,2022-04-23,2022-05-21,130.28
Pwani,2022-06-11,2022-04-30,2022-05-28,65.99
Pwani,2022-06-18,2022-05-07,2022-06-04,44.34
Pwani,2022-06-25,2022-05-14,2022-06-11,42.41
Pwani,2022-07-02,2022-05-21,2022-06-18,31.35
Pwani,2022-07-09,2022-05-28,2022-06-25,18.38
Pwani,2022-07-16,2022-06-04,2022-07-02,14.88
Pwani,2022-07-23,2022-06-11,2022-07-09,10.33
Pwani,2022-07-30,2022-06-18,2022-07-16,13.1
Pwani,2022-08-06,2022-06-25,2022-07-23,21.16
Pwani,2022-08-13,2022-07-02,2022-07-30,21.81
Pwani,2022-08-20,2022-07-09,2022-08-06,20.94
Pwani,2022-08-27,2022-07-16,2022-08-13,19.68
Pwani,2022-09-03,2022-07-23,2022-08-20,13.11
Pwani,2022-09-10,2022-07-30,2022-08-27,14.88
Pwani,2022-09-17,2022-08-06,2022-09-03,14.93
Pwani,2022-09-24,2022-08-13,2022-09-10,15.27
Pwani,2022-10-01,2022-08-20,2022-09-17,17.11
Pwani,2022-10-08,2022-08-27,2022-09-24,18.87
Pwani,2022-10-15,2022-09-03,2022-10-01,21.68
Pwani,2022-10-22,2022-09-10,2022-10-08,22.67
Pwani,2022-10-29,2022-09-17,2022-10-15,22.81
Pwani,2022-11-05,2022-09-24,2022-10-22,22.21
Pwani,2022-11-12,2022-10-01,2022-10-29,20.88
Pwani,2022-11-19,2022-10-08,2022-11-05,22.08
Pwani,2022-11-26,2022-10-15,2022-11-12,31.77
Pwani,2022-12-03,2022-10-22,2022-11-19,33.3
Pwani,2022-12-10,2022-10-29,2022-11-26,54.43
Pwani,2022-12-17,2022-11-05,2022-12-03,73.2
Pwani,2022-12-24,2022-11-12,2022-12-10,61.41
Pwani,2022-12-31,2022-11-19,2022-12-17,72.79
Pwani,2023-01-07,2022-11-26,2022-12-24,88.54
Pwani,2023-01-14,2022-12-03,2022-12-31,148.61
Pwani,2023-01-21,2022-12-10,2023-01-07,156.75
Pwani,2023-01-28,2022-12-17,2023-01-14,207.2
Pwani,2023-02-04,2022-12-24,2023-01-21,195.1
Pwani,2023-02-11,2022-12-31,2023-01-28,151.47
Pwani,2023-02-18,2023-01-07,2023-02-04,149.28
Pwani,2023-02-25,2023-01-14,2023-02-11,151.88
Pwani,2023-03-04,2023-01-21,2023-02-18,127.48
Pwani,2023-03-11,2023-01-28,2023-02-25,86.26
Pwani,2023-03-18,2023-02-04,2023-03-04,77.04
Pwani,2023-03-25,2023-02-11,2023-03-11,4.92
Pwani,2023-04-01,2023-02-18,2023-03-18,1.42
Pwani,2023-04-08,2023-02-25,2023-03-25,71.75
Pwani,2023-04-15,2023-03-04,2023-04-01,113.84
Pwani,2023-04-22,2023-03-11,2023-04-08,151.1
Pwani,2023-04-29,2023-03-18,2023-04-15,181.83
Pwani,2023-05-06,2023-03-25,2023-04-22,213.8
Pwani,2023-05-13,2023-04-01,2023-04-29,244.34
Pwani,2023-05-20,2023-04-08,2023-05-06,235.15
Pwani,2023-05-27,2023-04-15,2023-05-13,218.41
Pwani,2023-06-03,2023-04-22,2023-05-20,145.68
Pwani,2023-06-10,2023-04-29,2023-05-27,87.75
Pwani,2023-06-17,2023-05-06,2023-06-03,74.76
Pwani,2023-06-24,2023-05-13,2023-06-10,99.38
Pwani,2023-07-01,2023-05-20,2023-06-17,72.02
Pwani,2023-07-08,2023-05-27,2023-06-24,59.35
Pwani,2023-07-15,2023-06-03,2023-07-01,46.87
Pwani,2023-07-22,2023-06-10,2023-07-08,11.68
Pwani,2023-07-29,2023-06-17,2023-07-15,12.31
Pwani,2023-08-05,2023-06-24,2023-07-22,14.21
Pwani,2023-08-12,2023-07-01,2023-07-29,16.24
Pwani,2023-08-19,2023-07-08,2023-08-05,14.65
Pwani,2023-08-26,2023-07-15,2023-08-12,17.66
Pwani,2023-09-02,2023-07-22,2023-08-19,16.88
Pwani,2023-09-09,2023-07-29,2023-08-26,14.9
Pwani,2023-09-16,2023-08-05,2023-09-02,14.99
Pwani,2023-09-23,2023-08-12,2023-09-09,13.54
Pwani,2023-09-30,2023-08-19,2023-09-16,16.25
Pwani,2023-10-07,2023-08-26,2023-09-23,17.84
Pwani,2023-10-14,2023-09-02,2023-09-30,23.13
Pwani,2023-10-21,2023-09-09,2023-10-07,25.46
Pwani,2023-10-28,2023-09-16,2023-10-14,23.13
Pwani,2023-11-04,2023-09-23,2023-10-21,24.14
Pwani,2023-11-11,2023-09-30,2023-10-28,37.44
Pwani,2023-11-18,2023-10-07,2023-11-04,172.09
Pwani,2023-11-25,2023-10-14,2023-11-11,263.94
Pwani,2023-12-02,2023-10-21,2023-11-18,330.07
Pwani,2023-12-09,2023-10-28,2023-11-25,391.1
Pwani,2023-12-16,2023-11-04,2023-12-02,271.24
Pwani,2023-12-23,2023-11-11,2023-12-09,286.99
Pwani,2023-12-30,2023-11-18,2023-12-16,245.99
Shinyanga,2022-01-01,2021-11-20,2021-12-18,168.9
Shinyanga,2022-01-08,2021-11-27,2021-12-25,255.51
Shinyanga,2022-01-15,2021-12-04,2022-01-01,348.91
Shinyanga,2022-01-22,2021-12-11,2022-01-08,368.19
Shinyanga,2022-01-29,2021-12-18,2022-01-15,310.54
Shinyanga,2022-02-05,2021-12-25,2022-01-22,304.94
Shinyanga,2022-02-12,2022-01-01,2022-01-29,237.0
Shinyanga,2022-02-19,2022-01-08,2022-02-05,239.87
Shinyanga,2022-02-26,2022-01-15,2022-02-12,272.69
Shinyanga,2022-03-05,2022-01-22,2022-02-19,236.0
Shinyanga,2022-03-12,2022-01-29,2022-02-26,268.32
Shinyanga,2022-03-19,2022-02-05,2022-03-05,219.76
Shinyanga,2022-03-26,2022-02-12,2022-03-12,197.67
Shinyanga,2022-04-02,2022-02-19,2022-03-19,159.42
Shinyanga,2022-04-09,2022-02-26,2022-03-26,103.07
Shinyanga,2022-04-16,2022-03-05,2022-04-02,118.98
Shinyanga,2022-04-23,2022-03-12,2022-04-09,87.82
Shinyanga,2022-04-30,2022-03-19,2022-04-16,59.96
Shinyanga,2022-05-07,2022-03-26,2022-04-23,63.81
Shinyanga,2022-05-14,2022-04-02,2022-04-30,112.7
Shinyanga,2022-05-21,2022-04-09,2022-05-07,137.0
Shinyanga,2022-05-28,2022-04-16,2022-05-14,135.43
Shinyanga,2022-06-04,2022-04-23,2022-05-21,109.82
Shinyanga,2022-06-11,2022-04-30,2022-05-28,37.57
Shinyanga,2022-06-18,2022-05-07,2022-06-04,21.8
Shinyanga,2022-06-25,2022-05-14,2022-06-11,22.97
Shinyanga,2022-07-02,2022-05-21,2022-06-18,21.5
Shinyanga,2022-07-09,2022-05-28,2022-06-25,14.24
Shinyanga,2022-07-16,2022-06-04,2022-07-02,1.83
Shinyanga,2022-07-23,2022-06-11,2022-07-09,0.04
Shinyanga,2022-07-30,2022-06-18,2022-07-16,0.02
Shinyanga,2022-08-06,2022-06-25,2022-07-23,0.01
Shinyanga,2022-08-13,2022-07-02,2022-07-30,0.01
Shinyanga,2022-08-20,2022-07-09,2022-08-06,0.18
Shinyanga,2022-08-27,2022-07-16,2022-08-13,0.18
Shinyanga,2022-09-03,2022-07-23,2022-08-20,0.19
Shinyanga,2022-09-10,2022-07-30,2022-08-27,0.23
Shinyanga,2022-09-17,2022-08-06,2022-09-03,1.3
Shinyanga,2022-09-24,2022-08-13,2022-09-10,4.88
Shinyanga,2022-10-01,2022-08-20,2022-09-17,4.92
Shinyanga,2022-10-08,2022-08-27,2022-09-24,4.88
Shinyanga,2022-10-15,2022-09-03,2022-10-01,3.64
Shinyanga,2022-10-22,2022-09-10,2022-10-08,1.28
Shinyanga,2022-10-29,2022-09-17,2022-10-15,1.25
Shinyanga,2022-11-05,2022-09-24,2022-10-22,10.74
Shinyanga,2022-11-12,2022-10-01,2022-10-29,10.79
Shinyanga,2022-11-19,2022-10-08,2022-11-05,10.82
Shinyanga,2022-11-26,2022-10-15,2022-11-12,35.78
Shinyanga,2022-12-03,2022-10-22,2022-11-19,75.5
Shinyanga,2022-12-10,2022-10-29,2022-11-26,100.71
Shinyanga,2022-12-17,2022-11-05,2022-12-03,141.97
Shinyanga,2022-12-24,2022-11-12,2022-12-10,151.45
Shinyanga,2022-12-31,2022-11-19,2022-12-17,130.16
Shinyanga,2023-01-07,2022-11-26,2022-12-24,137.94
Shinyanga,2023-01-14,2022-12-03,2022-12-31,144.96
Shinyanga,2023-01-21,2022-12-10,2023-01-07,111.4
Shinyanga,2023-01-28,2022-12-17,2023-01-14,115.57
Shinyanga,2023-02-04,2022-12-24,2023-01-21,113.88
Shinyanga,2023-02-11,2022-12-31,2023-01-28,99.66
Shinyanga,2023-02-18,2023-01-07,2023-02-04,110.48
Shinyanga,2023-02-25,2023-01-14,2023-02-11,100.2
Shinyanga,2023-03-04,2023-01-21,2023-02-18,74.74
Shinyanga,2023-03-11,2023-01-28,2023-02-25,55.24
Shinyanga,2023-03-18,2023-02-04,2023-03-04,117.68
Shinyanga,2023-03-25,2023-02-11,2023-03-11,110.54
Shinyanga,2023-04-01,2023-02-18,2023-03-18,159.33
Shinyanga,2023-04-08,2023-02-25,2023-03-25,217.97
Shinyanga,2023-04-15,2023-03-04,2023-04-01,218.97
Shinyanga,2023-04-22,2023-03-11,2023-04-08,251.08
Shinyanga,2023-04-29,2023-03-18,2023-04-15,236.23
Shinyanga,2023-05-06,2023-03-25,2023-04-22,171.71
Shinyanga,2023-05-13,2023-04-01,2023-04-29,140.33
Shinyanga,2023-05-20,2023-04-08,2023-05-06,194.38
Shinyanga,2023-05-27,2023-04-15,2023-05-13,155.21
Shinyanga,2023-06-03,2023-04-22,2023-05-20,146.68
Shinyanga,2023-06-10,2023-04-29,2023-05-27,105.15
Shinyanga,2023-06-17,2023-05-06,2023-06-03,9.37
Shinyanga,2023-06-24,2023-05-13,2023-06-10,9.83
Shinyanga,2023-07-01,2023-05-20,2023-06-17,10.3
Shinyanga,2023-07-08,2023-05-27,2023-06-24,8.06
Shinyanga,2023-07-15,2023-06-03,2023-07-01,3.01
Shinyanga,2023-07-22,2023-06-10,2023-07-08,1.9
Shinyanga,2023-07-29,2023-06-17,2023-07-15,0.01
Shinyanga,2023-08-05,2023-06-24,2023-07-22,0.01
Shinyanga,2023-08-12,2023-07-01,2023-07-29,0.01
Shinyanga,2023-08-19,2023-07-08,2023-08-05,0.0
Shinyanga,2023-08-26,2023-07-15,2023-08-12,0.0
Shinyanga,2023-09-02,2023-07-22,2023-08-19,0.0
Shinyanga,2023-09-09,2023-07-29,2023-08-26,0.0
Shinyanga,2023-09-16,2023-08-05,2023-09-02,0.0
Shinyanga,2023-09-23,2023-08-12,2023-09-09,1.31
Shinyanga,2023-09-30,2023-08-19,2023-09-16,4.31
Shinyanga,2023-10-07,2023-08-26,2023-09-23,19.83
Shinyanga,2023-10-14,2023-09-02,2023-09-30,32.94
Shinyanga,2023-10-21,2023-09-09,2023-10-07,33.28
Shinyanga,2023-10-28,2023-09-16,2023-10-14,44.11
Shinyanga,2023-11-04,2023-09-23,2023-10-21,64.6
Shinyanga,2023-11-11,2023-09-30,2023-10-28,58.25
Shinyanga,2023-11-18,2023-10-07,2023-11-04,114.8
Shinyanga,2023-11-25,2023-10-14,2023-11-11,134.88
Shinyanga,2023-12-02,2023-10-21,2023-11-18,117.71
Shinyanga,2023-12-09,2023-10-28,2023-11-25,149.77
Shinyanga,2023-12-16,2023-11-04,2023-12-02,185.14
Shinyanga,2023-12-23,2023-11-11,2023-12-09,251.39
Shinyanga,2023-12-30,2023-11-18,2023-12-16,306.13
Simiyu,2022-01-01,2021-11-20,2021-12-18,95.88
Simiyu,2022-01-08,2021-11-27,2021-12-25,122.75
Simiyu,2022-01-15,2021-12-04,2022-01-01,135.87
Simiyu,2022-01-22,2021-12-11,2022-01-08,140.95
Simiyu,2022-01-29,2021-12-18,2022-01-15,119.06
Simiyu,2022-02-05,2021-12-25,2022-01-22,180.52
Simiyu,2022-02-12,2022-01-01,2022-01-29,176.32
Simiyu,2022-02-19,2022-01-08,2022-02-05,202.08
Simiyu,2022-02-26,2022-01-15,2022-02-12,280.75
Simiyu,2022-03-05,2022-01-22,2022-02-19,247.65
Simiyu,2022-03-12,2022-01-29,2022-02-26,274.12
Simiyu,2022-03-19,2022-02-05,2022-03-05,221.45
Simiyu,2022-03-26,2022-02-12,2022-03-12,148.01
Simiyu,2022-04-02,2022-02-19,2022-03-19,100.15
Simiyu,2022-04-09,2022-02-26,2022-03-26,61.86
Simiyu,2022-04-16,2022-03-05,2022-04-02,73.33
Simiyu,2022-04-23,2022-03-12,2022-04-09,76.41
Simiyu,2022-04-30,2022-03-19,2022-04-16,51.18
Simiyu,2022-05-07,2022-03-26,2022-04-23,86.71
Simiyu,2022-05-14,2022-04-02,2022-04-30,139.85
Simiyu,2022-05-21,2022-04-09,2022-05-07,139.24
Simiyu,2022-05-28,2022-04-16,2022-05-14,152.26
Simiyu,2022-06-04,2022-04-23,2022-05-21,102.19
Simiyu,2022-06-11,2022-04-30,2022-05-28,62.94
Simiyu,2022-06-18,2022-05-07,2022-06-04,77.15
Simiyu,2022-06-25,2022-05-14,2022-06-11,66.13
Simiyu,2022-07-02,2022-05-21,2022-06-18,66.07
Simiyu,2022-07-09,2022-05-28,2022-06-25,37.2
Simiyu,2022-07-16,2022-06-04,2022-07-02,10.74
Simiyu,2022-07-23,2022-06-11,2022-07-09,3.59
Simiyu,2022-07-30,2022-06-18,2022-07-16,2.39
Simiyu,2022-08-06,2022-06-25,2022-07-23,1.36
Simiyu,2022-08-13,2022-07-02,2022-07-30,0.59
Simiyu,2022-08-20,2022-07-09,2022-08-06,1.19
Simiyu,2022-08-27,2022-07-16,2022-08-13,1.15
Simiyu,2022-09-03,2022-07-23,2022-08-20,1.73
Simiyu,2022-09-10,2022-07-30,2022-08-27,1.79
Simiyu,2022-09-17,2022-08-06,2022-09-03,10.83
Simiyu,2022-09-24,2022-08-13,2022-09-10,26.24
Simiyu,2022-10-01,2022-08-20,2022-09-17,27.77
Simiyu,2022-10-08,2022-08-27,2022-09-24,33.46
Simiyu,2022-10-15,2022-09-03,2022-10-01,24.55
Simiyu,2022-10-22,2022-09-10,2022-10-08,11.08
Simiyu,2022-10-29,2022-09-17,2022-10-15,9.06
Simiyu,2022-11-05,2022-09-24,2022-10-22,13.44
Simiyu,2022-11-12,2022-10-01,2022-10-29,12.5
Simiyu,2022-11-19,2022-10-08,2022-11-05,14.69
Simiyu,2022-11-26,2022-10-15,2022-11-12,33.81
Simiyu,2022-12-03,2022-10-22,2022-11-19,83.84
Simiyu,2022-12-10,2022-10-29,2022-11-26,122.57
Simiyu,2022-12-17,2022-11-05,2022-12-03,137.67
Simiyu,2022-12-24,2022-11-12,2022-12-10,134.82
Simiyu,2022-12-31,2022-11-19,2022-12-17,121.39
Simiyu,2023-01-07,2022-11-26,2022-12-24,129.18
Simiyu,2023-01-14,2022-12-03,2022-12-31,168.9
Simiyu,2023-01-21,2022-12-10,2023-01-07,153.38
Simiyu,2023-01-28,2022-12-17,2023-01-14,140.72
Simiyu,2023-02-04,2022-12-24,2023-01-21,114.53
Simiyu,2023-02-11,2022-12-31,2023-01-28,76.63
Simiyu,2023-02-18,2023-01-07,2023-02-04,83.71
Simiyu,2023-02-25,2023-01-14,2023-02-11,81.09
Simiyu,2023-03-04,2023-01-21,2023-02-18,61.87
Simiyu,2023-03-11,2023-01-28,2023-02-25,44.4
Simiyu,2023-03-18,2023-02-04,2023-03-04,76.46
Simiyu,2023-03-25,2023-02-11,2023-03-11,58.52
Simiyu,2023-04-01,2023-02-18,2023-03-18,124.93
Simiyu,2023-04-08,2023-02-25,2023-03-25,201.53
Simiyu,2023-04-15,2023-03-04,2023-04-01,251.6
Simiyu,2023-04-22,2023-03-11,2023-04-08,285.66
Simiyu,2023-04-29,2023-03-18,2023-04-15,244.91
Simiyu,2023-05-06,2023-03-25,2023-04-22,175.51
Simiyu,2023-05-13,2023-04-01,2023-04-29,133.3
Simiyu,2023-05-20,2023-04-08,2023-05-06,122.56
Simiyu,2023-05-27,2023-04-15,2023-05-13,97.6
Simiyu,2023-06-03,2023-04-22,2023-05-20,88.16
Simiyu,2023-06-10,2023-04-29,2023-05-27,43.21
Simiyu,2023-06-17,2023-05-06,2023-06-03,11.59
Simiyu,2023-06-24,2023-05-13,2023-06-10,12.41
Simiyu,2023-07-01,2023-05-20,2023-06-17,18.69
Simiyu,2023-07-08,2023-05-27,2023-06-24,17.18
Simiyu,2023-07-15,2023-06-03,2023-07-01,13.06
Simiyu,2023-07-22,2023-06-10,2023-07-08,10.77
Simiyu,2023-07-29,2023-06-17,2023-07-15,3.18
Simiyu,2023-08-05,2023-06-24,2023-07-22,1.82
Simiyu,2023-08-12,2023-07-01,2023-07-29,0.76
Simiyu,2023-08-19,2023-07-08,2023-08-05,0.44
Simiyu,2023-08-26,2023-07-15,2023-08-12,0.45
Simiyu,2023-09-02,2023-07-22,2023-08-19,0.75
Simiyu,2023-09-09,2023-07-29,2023-08-26,0.75
Simiyu,2023-09-16,2023-08-05,2023-09-02,1.12
Simiyu,2023-09-23,2023-08-12,2023-09-09,15.52
Simiyu,2023-09-30,2023-08-19,2023-09-16,37.9
Simiyu,2023-10-07,2023-08-26,2023-09-23,51.15
Simiyu,2023-10-14,2023-09-02,2023-09-30,55.44
Simiyu,2023-10-21,2023-09-09,2023-10-07,42.18
Simiyu,2023-10-28,2023-09-16,2023-10-14,23.57
Simiyu,2023-11-04,2023-09-23,2023-10-21,24.46
Simiyu,2023-11-11,2023-09-30,2023-10-28,23.34
Simiyu,2023-11-18,2023-10-07,2023-11-04,63.82
Simiyu,2023-11-25,2023-10-14,2023-11-11,119.02
Simiyu,2023-12-02,2023-10-21,2023-11-18,128.53
Simiyu,2023-12-09,2023-10-28,2023-11-25,137.86
Simiyu,2023-12-16,2023-11-04,2023-12-02,171.19
Simiyu,2023-12-23,2023-11-11,2023-12-09,188.98
Simiyu,2023-12-30,2023-11-18,2023-12-16,221.02
Tanga,2022-01-01,2021-11-20,2021-12-18,92.29
Tanga,2022-01-08,2021-11-27,2021-12-25,108.09
Tanga,2022-01-15,2021-12-04,2022-01-01,110.34
Tanga,2022-01-22,2021-12-11,2022-01-08,81.07
Tanga,2022-01-29,2021-12-18,2022-01-15,55.55
Tanga,2022-02-05,2021-12-25,2022-01-22,99.2
Tanga,2022-02-12,2022-01-01,2022-01-29,115.85
Tanga,2022-02-19,2022-01-08,2022-02-05,141.93
Tanga,2022-02-26,2022-01-15,2022-02-12,179.04
Tanga,2022-03-05,2022-01-22,2022-02-19,147.87
Tanga,2022-03-12,2022-01-29,2022-02-26,142.16
Tanga,2022-03-19,2022-02-05,2022-03-05,119.44
Tanga,2022-03-26,2022-02-12,2022-03-12,82.16
Tanga,2022-04-02,2022-02-19,2022-03-19,40.16
Tanga,2022-04-09,2022-02-26,2022-03-26,15.27
Tanga,2022-04-16,2022-03-05,2022-04-02,58.09
Tanga,2022-04-23,2022-03-12,2022-04-09,63.21
Tanga,2022-04-30,2022-03-19,2022-04-16,77.97
Tanga,2022-05-07,2022-03-26,2022-04-23,165.23
Tanga,2022-05-14,2022-04-02,2022-04-30,185.03
Tanga,2022-05-21,2022-04-09,2022-05-07,214.72
Tanga,2022-05-28,2022-04-16,2022-05-14,212.52
Tanga,2022-06-04,2022-04-23,2022-05-21,132.8
Tanga,2022-06-11,2022-04-30,2022-05-28,78.07
Tanga,2022-06-18,2022-05-07,2022-06-04,54.33
Tanga,2022-06-25,2022-05-14,2022-06-11,54.92
Tanga,2022-07-02,2022-05-21,2022-06-18,45.92
Tanga,2022-07-09,2022-05-28,2022-06-25,38.86
Tanga,2022-07-16,2022-06-04,2022-07-02,35.06
Tanga,2022-07-23,2022-06-11,2022-07-09,26.43
Tanga,2022-07-30,2022-06-18,2022-07-16,29.7
Tanga,2022-08-06,2022-06-25,2022-07-23,35.97
Tanga,2022-08-13,2022-07-02,2022-07-30,34.62
Tanga,2022-08-20,2022-07-09,2022-08-06,33.24
Tanga,2022-08-27,2022-07-16,2022-08-13,30.18
Tanga,2022-09-03,2022-07-23,2022-08-20,23.22
Tanga,2022-09-10,2022-07-30,2022-08-27,22.82
Tanga,2022-09-17,2022-08-06,2022-09-03,22.26
Tanga,2022-09-24,2022-08-13,2022-09-10,22.62
Tanga,2022-10-01,2022-08-20,2022-09-17,23.57
Tanga,2022-10-08,2022-08-27,2022-09-24,24.11
Tanga,2022-10-15,2022-09-03,2022-10-01,29.18
Tanga,2022-10-22,2022-09-10,2022-10-08,30.56
Tanga,2022-10-29,2022-09-17,2022-10-15,33.98
Tanga,2022-11-05,2022-09-24,2022-10-22,37.94
Tanga,2022-11-12,2022-10-01,2022-10-29,37.04
Tanga,2022-11-19,2022-10-08,2022-11-05,42.88
Tanga,2022-11-26,2022-10-15,2022-11-12,46.13
Tanga,2022-12-03,2022-10-22,2022-11-19,50.73
Tanga,2022-12-10,2022-10-29,2022-11-26,92.37
Tanga,2022-12-17,2022-11-05,2022-12-03,103.68
Tanga,2022-12-24,2022-11-12,2022-12-10,95.66
Tanga,2022-12-31,2022-11-19,2022-12-17,89.12
Tanga,2023-01-07,2022-11-26,2022-12-24,72.6
Tanga,2023-01-14,2022-12-03,2022-12-31,129.27
Tanga,2023-01-21,2022-12-10,2023-01-07,128.83
Tanga,2023-01-28,2022-12-17,2023-01-14,154.11
Tanga,2023-02-04,2022-12-24,2023-01-21,123.54
Tanga,2023-02-11,2022-12-31,2023-01-28,49.46
Tanga,2023-02-18,2023-01-07,2023-02-04,52.52
Tanga,2023-02-25,2023-01-14,2023-02-11,39.61
Tanga,2023-03-04,2023-01-21,2023-02-18,37.23
Tanga,2023-03-11,2023-01-28,2023-02-25,29.87
Tanga,2023-03-18,2023-02-04,2023-03-04,22.77
Tanga,2023-03-25,2023-02-11,2023-03-11,2.22
Tanga,2023-04-01,2023-02-18,2023-03-18,1.9
Tanga,2023-04-08,2023-02-25,2023-03-25,51.36
Tanga,2023-04-15,2023-03-04,2023-04-01,75.4
Tanga,2023-04-22,2023-03-11,2023-04-08,85.19
Tanga,2023-04-29,2023-03-18,2023-04-15,141.5
Tanga,2023-05-06,2023-03-25,2023-04-22,172.56
Tanga,2023-05-13,2023-04-01,2023-04-29,313.98
Tanga,2023-05-20,2023-04-08,2023-05-06,332.54
Tanga,2023-05-27,2023-04-15,2023-05-13,298.15
Tanga,2023-06-03,2023-04-22,2023-05-20,240.96
Tanga,2023-06-10,2023-04-29,2023-05-27,94.69
Tanga,2023-06-17,2023-05-06,2023-06-03,92.17
Tanga,2023-06-24,2023-05-13,2023-06-10,104.55
Tanga,2023-07-01,2023-05-20,2023-06-17,88.57
Tanga,2023-07-08,2023-05-27,2023-06-24,75.79
Tanga,2023-07-15,2023-06-03,2023-07-01,58.3
Tanga,2023-07-22,2023-06-10,2023-07-08,38.4
Tanga,2023-07-29,2023-06-17,2023-07-15,38.77
Tanga,2023-08-05,2023-06-24,2023-07-22,38.8
Tanga,2023-08-12,2023-07-01,2023-07-29,37.96
Tanga,2023-08-19,2023-07-08,2023-08-05,28.44
Tanga,2023-08-26,2023-07-15,2023-08-12,28.21
Tanga,2023-09-02,2023-07-22,2023-08-19,26.66
Tanga,2023-09-09,2023-07-29,2023-08-26,23.87
Tanga,2023-09-16,2023-08-05,2023-09-02,22.96
Tanga,2023-09-23,2023-08-12,2023-09-09,22.68
Tanga,2023-09-30,2023-08-19,2023-09-16,25.19
Tanga,2023-10-07,2023-08-26,2023-09-23,26.53
Tanga,2023-10-14,2023-09-02,2023-09-30,36.29
Tanga,2023-10-21,2023-09-09,2023-10-07,50.43
Tanga,2023-10-28,2023-09-16,2023-10-14,46.98
Tanga,2023-11-04,2023-09-23,2023-10-21,55.76
Tanga,2023-11-11,2023-09-30,2023-10-28,65.29
Tanga,2023-11-18,2023-10-07,2023-11-04,151.15
Tanga,2023-11-25,2023-10-14,2023-11-11,228.25
Tanga,2023-12-02,2023-10-21,2023-11-18,319.08
Tanga,2023-12-09,2023-10-28,2023-11-25,333.07
Tanga,2023-12-16,2023-11-04,2023-12-02,272.7
Tanga,2023-12-23,2023-11-11,2023-12-09,282.15
Tanga,2023-12-30,2023-11-18,2023-12-16,206.98
